Title,Author,Format-Year
"Spanish Romance Stories for Language Learning
Spanish Romance Stories for Language Learning, eAudiobook","Rowett, Mary",Spanish Romance Stories for Language Learning - eAudiobook
"Real-World Spanish: The Conversation Learning System
Real-World Spanish: The Conversation Learning System, eAudiobook",Camila Vega Rivera,Real-World Spanish: The Conversation Learning System - eAudiobook
"Learning Spanish-beginner I
Learning Spanish-beginner I, eBook","Iris Acevedo A. • Spanishonline, Costarica",Learning Spanish-beginner I - eBook
"100 Facts About Learning Spanish
100 Facts About Learning Spanish, eAudiobook",Science-Based Language Learning Lab,100 Facts About Learning Spanish - eAudiobook
"A Beginner's Guide to Learning Spanish
A Beginner's Guide to Learning Spanish, eAudiobook","Miller, Jackson",A Beginner's Guide to Learning Spanish - eAudiobook
"No Tears Spanish Grammar: Easy Learning: Essential Rules for Beginners
No Tears Spanish Grammar: Easy Learning: Essential Rules for Beginners, eBook","Bennett, Olivia",No Tears Spanish Grammar: Easy Learning: Essential Rules for Beginners - eBook
"100 Facts About Learning Spanish
100 Facts About Learning Spanish, eBook
English to Spanish",Science-Based Language Learning Lab,100 Facts About Learning Spanish - eBook
"The Ultimate Learning Spanish Blueprint - 10 Essential Steps
The Ultimate Learning Spanish Blueprint - 10 Essential Steps, eAudiobook","Ramirez, Andres",The Ultimate Learning Spanish Blueprint - 10 Essential Steps - eAudiobook
"Learning Spanish for Adults Beginner
Learning Spanish for Adults Beginner, eBook","World, Spain",Learning Spanish for Adults Beginner - eBook
"Learning to Read in English and Spanish Made Easy
Learning to Read in English and Spanish Made Easy, eBook
A Guide for Teachers, Tutors, and Parents","Navarijo, Susie G.",Learning to Read in English and Spanish Made Easy - eBook
"Spanish for Beginners: A Comprehensive Guide for Learning the Spanish Language Fast
Spanish for Beginners: A Comprehensive Guide for Learning the Spanish Language Fast, eBook",Language Equipped Travelers,Spanish for Beginners: A Comprehensive Guide for Learning the Spanish Language Fast - eBook
"Spanish: Beginner's Step by Step Course to Quickly Learning the Spanish Language, Spanish Grammar &
Spanish: Beginner's Step by Step Course to Quickly Learning the Spanish Language, Spanish Grammar &, eBook","Michaels, Steven J.","Spanish: Beginner's Step by Step Course to Quickly Learning the Spanish Language - Spanish Grammar &, eBook"
"Learn Spanish Like a Native for Beginners - Level 1: Learning Spanish in Your Car Has Never Been Eas
Learn Spanish Like a Native for Beginners - Level 1: Learning Spanish in Your Car Has Never Been Eas, eBook",Learn Like a Native,Learn Spanish Like a Native for Beginners - Level 1: Learning Spanish in Your Car Has Never Been Eas - eBook
"Learn Spanish Like a Native for Beginners - Level 2: Learning Spanish in Your Car Has Never Been Eas
Learn Spanish Like a Native for Beginners - Level 2: Learning Spanish in Your Car Has Never Been Eas, eBook",Learn Like a Native,Learn Spanish Like a Native for Beginners - Level 2: Learning Spanish in Your Car Has Never Been Eas - eBook
"I'm Learning Spanish
I'm Learning Spanish, eAudiobook
Listen, Repeat, Speak language learning course","Gardner, James M.",I'm Learning Spanish - eAudiobook
"I am learning Spanish
I am learning Spanish, eAudiobook","Gardner, James M.",I am learning Spanish - eAudiobook
"The Best Spanish Learning Games for Children
The Best Spanish Learning Games for Children, eBook","Professor, Baby",The Best Spanish Learning Games for Children - eBook
"Easy Learning Spanish Vocabulary
Easy Learning Spanish Vocabulary, eBook","Dictionaries, Collins",Easy Learning Spanish Vocabulary - eBook
"Spanish Easy Learning Complete Course
Spanish Easy Learning Complete Course, eAudiobook
Language Learning the easy way with Collins","Carmen García del Río • Fitzsimons, Ronan",Spanish Easy Learning Complete Course - eAudiobook
"Learning the Local Language: Your Guide to Real World Spanish
Learning the Local Language: Your Guide to Real World Spanish, eBook","Romey, Jared",Learning the Local Language: Your Guide to Real World Spanish - eBook
